[
  {
    "id": 1,
    "name": "lala",
    "type": "la",
    "address": "la",
    "responsible_person": "la",
    "position": "la",
    "email": "la",
    "phone": "la"
  },
  {
    "id": 2,
    "name": "a",
    "type": "aa",
    "address": "a",
    "responsible_person": "a",
    "position": "a",
    "email": "a",
    "phone": "a"
  },
  {
    "id": 3,
    "name": "",
    "type": "hjs",
    "address": "ksl",
    "responsible_person": "kwo",
    "position": "lsks",
    "email": "swjs",
    "phone": "sja"
  },
  {
    "id": 4,
    "name": "aku",
    "type": "ada",
    "address": "lima",
    "responsible_person": "lima",
    "position": "satu",
    "email": "lala",
    "phone": "lulu"
  },
  {
    "id": 5,
    "name": "a",
    "type": "a",
    "address": "a",
    "responsible_person": "a",
    "position": "a",
    "email": "a",
    "phone": "a"
  },
  {
    "id": 6,
    "name": "a",
    "type": "a",
    "address": "a",
    "responsible_person": "a",
    "position": "a",
    "email": "a",
    "phone": "a"
  },
  {
    "id": 7,
    "name": "",
    "type": "a",
    "address": "a",
    "responsible_person": "a",
    "position": "a",
    "email": "a",
    "phone": "a"
  },
  {
    "id": 8,
    "name": "",
    "type": "a",
    "address": "a",
    "responsible_person": "a",
    "position": "a",
    "email": "a",
    "phone": "a"
  },
  {
    "id": 9,
    "name": "",
    "type": "a",
    "address": "a",
    "responsible_person": "a",
    "position": "a",
    "email": "a",
    "phone": "a"
  },
  {
    "id": 10,
    "name": "",
    "type": "a",
    "address": "a",
    "responsible_person": "a",
    "position": "a",
    "email": "a",
    "phone": "a"
  },
  {
    "id": 11,
    "name": "",
    "type": "a",
    "address": "a",
    "responsible_person": "a",
    "position": "a",
    "email": "a",
    "phone": "a"
  },
  {
    "id": 12,
    "name": "",
    "type": "a",
    "address": "a",
    "responsible_person": "a",
    "position": "a",
    "email": "a",
    "phone": "a"
  },
  {
    "id": 13,
    "name": "",
    "type": "a",
    "address": "a",
    "responsible_person": "a",
    "position": "a",
    "email": "a",
    "phone": "a"
  },
  {
    "id": 14,
    "name": "",
    "type": "a",
    "address": "a",
    "responsible_person": "a",
    "position": "a",
    "email": "a",
    "phone": "a"
  },
  {
    "id": 15,
    "name": "a",
    "type": "a",
    "address": "a",
    "responsible_person": "a",
    "position": "a",
    "email": "a",
    "phone": "a"
  },
  {
    "id": 16,
    "name": "a",
    "type": "a",
    "address": "a",
    "responsible_person": "a",
    "position": "a",
    "email": "a",
    "phone": "a"
  },
  {
    "id": 17,
    "name": "",
    "type": "a",
    "address": "a",
    "responsible_person": "a",
    "position": "a",
    "email": "a",
    "phone": "a"
  },
  {
    "id": 18,
    "name": "a",
    "type": "a",
    "address": "a",
    "responsible_person": "a",
    "position": "a",
    "email": "a",
    "phone": "a"
  }
]